id,x,y
victim_1,4.436447935810225,7.310508276909071
