id,x,y
victim_1,4.491707828919924,7.343739573759564
