id,x,y
victim_1,4.854003340048939,6.51374350507294
victim_2,-4.381661685662196,-6.534606407828977
victim_3,-4.464609681366321,6.539449947009561
victim_4,5.107135090450535,-6.387659551168587
