id,x,y
victim_1,4.881022047914659,6.648796081550849
victim_2,-4.415646311791752,-6.534704208826684
victim_3,-4.6513191556112155,6.6049879901904385
victim_4,4.836517829994043,-6.535845056437462
