{
  "frame": "map",
  "victims": [
    {
      "id": 0,
      "x": 4.36190721486398,
      "y": 6.650794099872196,
      "z": 0.2740180041438967
    },
    {
      "id": 1,
      "x": -4.510799016080352,
      "y": -6.616781065507218,
      "z": 0.2811119118292032
    },
    {
      "id": 2,
      "x": -5.144319213789756,
      "y": 6.379547838072714,
      "z": 0.28046838014096004
    },
    {
      "id": 3,
      "x": 5.142683498185585,
      "y": -6.382196549978667,
      "z": 0.27996439075922014
    }
  ]
}