{
  "frame": "map",
  "victims": [
    {
      "id": 0,
      "x": 4.993277503101872,
      "y": 6.533726140262513,
      "z": 0.2775217058027102
    },
    {
      "id": 2,
      "x": -5.025793954350801,
      "y": 6.334502073833944,
      "z": 0.27933386161206936
    },
    {
      "id": 3,
      "x": 6.219164408780116,
      "y": -6.387107607964845,
      "z": 0.27789587509113317
    }
  ]
}