{
  "frame": "map",
  "victims": [
    {
      "id": 0,
      "x": 4.101683679821442,
      "y": 6.576976339611402,
      "z": 0.2726482584664594
    },
    {
      "id": 1,
      "x": -4.2900631727360015,
      "y": -6.558310425663466,
      "z": 0.27787942734141974
    },
    {
      "id": 2,
      "x": -5.1102449780909085,
      "y": 6.323885885464378,
      "z": 0.279646708797187
    },
    {
      "id": 3,
      "x": 4.640794414626404,
      "y": -6.5680116139853055,
      "z": 0.28199515425432575
    }
  ]
}