{
  "frame": "map",
  "victims": [
    {
      "id": 0,
      "x": 4.881022047914659,
      "y": 6.648796081550849,
      "z": 0.273196788250419
    },
    {
      "id": 1,
      "x": -4.415646311791752,
      "y": -6.534704208826684,
      "z": 0.28008920796530234
    },
    {
      "id": 2,
      "x": -4.6513191556112155,
      "y": 6.6049879901904385,
      "z": 0.27980065070479987
    },
    {
      "id": 3,
      "x": 4.836517829994043,
      "y": -6.535845056437462,
      "z": 0.28022575195061905
    }
  ]
}