id,x,y
victim_1,-5.0261322647473055,-6.954404661073832
victim_2,-5.479745528221211,6.936944888520724
